Index,Customer Id,First Name,Last Name,Company,City,Country
1,,Sheryl,Baxter,Rasmussen Group,East Leonard,Chile
2,1Ef7b82A4CAAD10,Preston,Lozano,Vega-Gentry,East Jimmychester,Djibouti
3,6F94879bDAfE5a6,Roy,Berry,Murillo-Perry,Isabelborough,Antigua and Barbuda
4,5Cef8BFA16c5e3c,Linda,Olsen,,Bensonview,Dominican Republic
5,053d585Ab6b3159,Joanna,Bender,"Martin, Lang and Andrade",West Priscilla,
6,2d08FB17EE273F4,Aimee,Downs,Steele Group,Chavezborough,Bosnia and Herzegovina
7,,Darren,Peck,"Lester, Woodard and Mitchell",Lake Ana,Pitcairn Islands
8,0e04AFde9f225dE,,Mullen,,Kimport,Bulgaria
9,C2dE4dEEc489ae0,Sheryl,Meyers,Browning-Simon,Robersonstad,Cyprus
10,8C2811a503C7c5a,Michelle,Gallagher,Beck-Hendrix,Elaineberg,
11,216E205d6eBb815,Carl,Schroeder,"Oconnell, Meza and Everett",Shannonville,Guernsey
12,CEDec94deE6d69B,Jenna,,"Hoffman, Reed and Mcclain",East Andrea,Vietnam
13,,Tracey,Mata,Graham-Francis,South Joannamouth,Togo
14,A08A8aF8BE9FaD4,Kristine,Cox,Carpenter-Cook,Jodyberg,Sri Lanka
15,6fEaA1b7cab7B6C,Faith,Lutz,Carter-Hancock,Burchbury,Singapore
16,8cad0b4CBceaeec,Miranda,Beasley,,Desireeshire,Oman
17,a5DC21AE3a21eaA,Caroline,Foley,Winters-Mendoza,,Western Sahara
18,F8Aa9d6DfcBeeF8,Greg,Mata,Valentine LLC,Lake Leslie,Mozambique
19,F160f5Db3EfE973,Clifford,Jacobson,Simon LLC,Harmonview,
